Problem06_label39_true-unreach-call.c,0.02,0.11,0.21,0.16,0.32,0.27,0.04,0.04,0.12,0.02,0.04,0.04,0,0,0,0,0.05,0.29,0.16,0,0.05,0.46,0,0,0,0,0,0,0,0,0,0,0.38,0,0,0,50,50,50,0,50,0,0,3,4
Problem06_label42_true-unreach-call.c,0.06,0.11,0.22,0.11,0.22,0.11,0.11,0.11,0,0,0.06,0,0,0,0,0,0.39,0.44,0,0,0.39,0.5,0,0,0,0,0,0,0,0,0,0,0.39,0,0,0,0,0,0,0,100,0,0,5,3
Problem06_label49_true-unreach-call.c,0.06,0.11,0.22,0.11,0.22,0.11,0.11,0.11,0,0,0.06,0,0,0,0,0,0.39,0.44,0,0,0.39,0.5,0,0,0,0,0,0,0,0,0,0,0.39,0,0,0,0,0,0,0,100,0,0,5,3
Problem06_label57_true-unreach-call.c,0.14,0.14,0.36,0.21,0.36,0.21,0.14,0.14,0,0,0.07,0,0,0,0,0,0.29,0.07,0.43,0,0.29,0.64,0,0,0,0,0,0,0,0,0,0,0.07,0,0,0,0,0,0,0,100,0,0,7,2
Problem07_label06_false-unreach-call.c,0.14,0.29,0.29,0.29,0.29,0.29,0.29,0.29,0.14,0,0,0,0,0,0,0,0,0.14,0,0,0,0.43,0,0,0,0,0,0,0,0,0,0,0.14,0,0,0,0,0,0,100,100,0,0,7,2
Problem07_label13_true-unreach-call.c,0.09,0.18,0.18,0.18,0.18,0.18,0.18,0.18,0,0,0,0,0,0,0,0,0,0.09,0,0,0,0.45,0,0,0,0,0,0,0,0,0,0,0.27,0,0,0,0,0,0,100,100,0,0,7,2
byte_add_2_true-unreach-call_true-no-overflow_true-termination.c,0.14,0.29,0.57,0.57,0.57,0.57,0.29,0.29,0.14,0,0,0,0,0,0,0,0,0.14,0,0,0,0.57,0,0,0,0,0,0,0,0,0,0,0.29,0,0,0,0,0,0,100,100,0,0,7,2
gcd_2_true-unreach-call_true-no-overflow.c,0.09,0.18,0.18,0.18,0.18,0.18,0.18,0.18,0,0,0,0,0,0,0,0,0,0.09,0,0,0,0.45,0,0,0,0,0,0,0,0,0,0,0.27,0,0,0,0,0,0,100,100,0,0,7,2
gcd_3_true-unreach-call_true-no-overflow.c,0.07,0.14,0.21,0.14,0.21,0.14,0.14,0.14,0,0,0.07,0.07,0,0,0,0,0.21,0.29,0.21,0,0.21,0.43,0,0,0,0,0,0,0,0,0,0,0.29,0,0,0,0,0,0,0,100,0,0,15,2
interleave_bits_true-unreach-call_true-no-overflow.c,0.09,0.27,0.45,0.45,0.45,0.45,0.18,0.18,0.09,0,0.09,0,0,0,0,0,0,0.18,0.27,0,0,0.64,0,0,0,0,0,0,0,0,0,0,0.27,0,0,0,100,100,100,0,0,0,0,9,2
jain_1_true-unreach-call_true-no-overflow_false-termination.c,0.08,0.17,0.42,0.33,0.42,0.33,0.17,0.17,0.08,0,0.08,0,0,0,0,0,0.08,0.17,0.25,0,0.08,0.58,0,0,0,0,0,0,0,0,0,0,0.25,0,0,0,100,100,100,0,0,0,0,9,2
jain_4_true-unreach-call_true-no-overflow_false-termination.c,0.08,0.31,0.38,0.31,0.38,0.31,0.31,0.31,0.08,0,0.08,0,0,0,0,0,0.23,0.15,0.23,0,0.23,0.54,0,0,0,0,0,0,0,0,0,0,0.23,0,0,0,0,0,0,0,100,0,0,13,2
jain_5_true-unreach-call_true-no-overflow.c,0,0.04,0.04,0.04,0.04,0.04,0.02,0.02,0.03,0.02,0,0,0,0,0,0,0,0.03,0,0,0,0.04,0,0,0,0,0,0,0,0,0,0,0,0.03,0,0,0,0,0,0,100,0,0,13,221
jain_7_true-unreach-call_true-no-overflow_false-termination.c,0,0.04,0.04,0.04,0.04,0.04,0.02,0.02,0.03,0.02,0,0,0,0,0,0,0,0.03,0,0,0,0.04,0,0,0,0,0,0,0,0,0,0,0,0.03,0,0,0,0,0,0,100,0,0,13,221
modulus_true-unreach-call_true-no-overflow.c,0,0.04,0.04,0.04,0.04,0.04,0.02,0.02,0.03,0.02,0,0,0,0,0,0,0,0.03,0,0,0,0.04,0,0,0,0,0,0,0,0,0,0,0,0.03,0,0,0,0,0,0,100,0,0,13,221
num_conversion_1_true-unreach-call_true-no-overflow.c,0,0.04,0.04,0.04,0.04,0.04,0.02,0.02,0.03,0.02,0,0,0,0,0,0,0,0.03,0,0,0,0.04,0,0,0,0,0,0,0,0,0,0,0,0.03,0,0,0,0,0,0,100,0,0,13,221
num_conversion_2_true-unreach-call_true-no-overflow.c,0,0.01,0.01,0.01,0.01,0.01,0,0,0.01,0,0,0,0,0,0,0,0,0.01,0,0,0,0.01,0,0,0,0,0,0,0,0,0,0,0,0,0,0,0,0,0,0,100,0,0,13,241
parity_true-unreach-call_true-no-overflow.c,0,0.01,0.01,0.01,0.01,0.01,0,0,0.01,0,0,0,0,0,0,0,0,0.01,0,0,0,0.01,0,0,0,0,0,0,0,0,0,0,0,0,0,0,0,0,0,0,100,0,0,13,241
s3_clnt.blast.01_false-unreach-call.i.cil.c,0.03,0.12,0.22,0.15,0.22,0.15,0.11,0.07,0.04,0.02,0,0,0,0,0,0,0.12,0.15,0.03,0,0.12,0.23,0,0,0.11,0.01,0.07,0.07,0.03,0.03,0.03,0,0.05,0,0,0.19,0,0,0,0,100,0,0,217,24
s3_clnt.blast.01_true-unreach-call.i.cil.c,0.03,0.12,0.22,0.15,0.22,0.15,0.11,0.07,0.04,0.02,0,0,0,0,0,0,0.12,0.15,0.03,0,0.12,0.23,0,0,0.11,0.01,0.07,0.07,0.03,0.03,0.03,0,0.05,0,0,0.19,0,0,0,0,100,0,0,217,24
s3_clnt.blast.02_false-unreach-call.i.cil.c,0.03,0.12,0.22,0.15,0.22,0.15,0.11,0.07,0.05,0.02,0,0,0,0,0,0,0.12,0.15,0.03,0,0.12,0.23,0,0,0.11,0.01,0.07,0.07,0.03,0.03,0.03,0,0.05,0,0,0.19,0,0,0,0,100,0,0,219,25
s3_clnt.blast.03_false-unreach-call.i.cil.c,0.03,0.12,0.22,0.15,0.22,0.15,0.11,0.07,0.05,0.02,0,0,0,0,0,0,0.12,0.15,0.03,0,0.12,0.23,0,0,0.11,0.01,0.07,0.07,0.03,0.03,0.03,0,0.05,0,0,0.19,0,0,0,0,100,0,0,219,25
s3_clnt.blast.03_true-unreach-call.i.cil.c,0.03,0.12,0.22,0.15,0.22,0.15,0.11,0.07,0.05,0.02,0,0,0,0,0,0,0.12,0.15,0.03,0,0.12,0.23,0,0,0.11,0.01,0.07,0.07,0.03,0.03,0.03,0,0.05,0,0,0.19,0,0,0,0,100,0,0,219,25
s3_clnt.blast.04_false-unreach-call.i.cil.c,0.03,0.12,0.22,0.15,0.22,0.15,0.11,0.07,0.05,0.02,0,0,0,0,0,0,0.12,0.15,0.03,0,0.12,0.23,0,0,0.11,0.01,0.07,0.07,0.03,0.03,0.03,0,0.05,0,0,0.19,0,0,0,0,100,0,0,219,25
s3_clnt.blast.04_true-unreach-call.i.cil.c,0.03,0.12,0.22,0.15,0.22,0.15,0.11,0.07,0.05,0.02,0,0,0,0,0,0,0.12,0.15,0.03,0,0.12,0.23,0,0,0.11,0.01,0.07,0.07,0.03,0.03,0.03,0,0.05,0,0,0.19,0,0,0,0,100,0,0,219,25
s3_clnt_1_false-unreach-call_true-no-overflow.BV.c.cil.c,0,0.09,0.3,0.1,0.3,0.1,0.17,0.05,0.04,0.01,0,0,0,0,0,0,0.19,0.15,0.02,0,0.19,0.32,0,0,0,0,0,0,0,0,0,0,0.08,0,0,0,0,0,0,0,100,0,0,3,25
s3_clnt_1_false-unreach-call_true-termination.cil.c,0.01,0.09,0.33,0.14,0.33,0.14,0.16,0.05,0.05,0.01,0,0,0,0,0,0,0.2,0.16,0,0,0.2,0.33,0,0,0,0,0,0,0,0,0,0,0.12,0,0,0,0,0,0,0,100,0,0,3,25
s3_clnt_1_true-unreach-call_true-no-overflow.BV.c.cil.c,0,0.09,0.29,0.1,0.29,0.1,0.17,0.05,0.04,0.01,0,0,0,0,0,0,0.19,0.15,0.02,0,0.19,0.32,0,0,0,0,0,0,0,0,0,0,0.08,0,0,0,0,0,0,0,100,0,0,3,25
s3_clnt_1_true-unreach-call_true-termination.cil.c,0.01,0.09,0.33,0.14,0.33,0.14,0.16,0.05,0.05,0.01,0,0,0,0,0,0,0.2,0.16,0,0,0.2,0.33,0,0,0,0,0,0,0,0,0,0,0.12,0,0,0,0,0,0,0,100,0,0,3,25
s3_clnt_2_false-unreach-call_true-termination.cil.c,0,0.09,0.34,0.14,0.34,0.14,0.16,0.05,0.05,0.01,0,0,0,0,0,0,0.2,0.16,0,0,0.2,0.34,0,0,0,0,0,0,0,0,0,0,0.12,0,0,0,0,0,0,0,100,0,0,3,25
s3_clnt_2_true-unreach-call_true-no-overflow.BV.c.cil.c,0,0.08,0.29,0.09,0.29,0.09,0.17,0.05,0.04,0.01,0,0,0,0,0,0,0.2,0.15,0.03,0,0.2,0.31,0,0,0,0,0,0,0,0,0,0,0.08,0,0,0,0,0,0,0,100,0,0,3,25
s3_clnt_2_true-unreach-call_true-termination.cil.c,0,0.09,0.34,0.14,0.34,0.14,0.16,0.05,0.05,0.01,0,0,0,0,0,0,0.2,0.16,0,0,0.2,0.34,0,0,0,0,0,0,0,0,0,0,0.12,0,0,0,0,0,0,0,100,0,0,3,25
s3_clnt_3.cil_true-unreach-call_true-termination.c,0.1,0.23,0.33,0.25,0.33,0.26,0.19,0.16,0.05,0.02,0,0,0,0,0,0,0.07,0.17,0,0,0.07,0.33,0,0,0,0,0,0,0,0,0,0,0.09,0,0,0,0,0,0,0,100,0,0,3,25
s3_clnt_3_false-unreach-call_true-termination.cil.c,0,0.08,0.32,0.1,0.35,0.1,0.15,0.04,0.04,0,0,0,0,0,0,0,0.24,0.19,0,0,0.24,0.35,0,0,0.01,0,0,0,0,0,0,0,0.11,0,0,0,0,0,0,0,100,0,0,3,25
s3_clnt_3_true-unreach-call_true-no-overflow.BV.c.cil.c,0,0.08,0.28,0.09,0.29,0.09,0.17,0.05,0.04,0.01,0,0,0,0,0,0,0.19,0.16,0.04,0,0.19,0.31,0,0,0,0,0,0,0,0,0,0,0.11,0,0,0,0,0,0,0,100,0,0,3,25
s3_clnt_3_true-unreach-call_true-termination.cil.c,0,0.09,0.33,0.11,0.36,0.14,0.16,0.04,0.04,0,0,0,0,0,0,0,0.22,0.19,0,0,0.22,0.36,0,0,0.01,0,0,0,0,0,0,0,0.12,0,0,0,0,0,0,0,100,0,0,3,25
s3_clnt_4_true-unreach-call_true-termination.cil.c,0,0.09,0.31,0.11,0.34,0.14,0.16,0.05,0.05,0.01,0,0,0,0,0,0,0.2,0.16,0,0,0.2,0.34,0,0,0,0,0,0,0,0,0,0,0.12,0,0,0,0,0,0,0,100,0,0,3,25
s3_srvr.blast.01_true-unreach-call.i.cil.c,0.04,0.12,0.23,0.14,0.23,0.14,0.1,0.05,0.04,0.01,0,0,0,0,0,0,0.13,0.15,0.03,0,0.13,0.23,0,0,0.1,0,0.08,0.08,0.02,0.02,0.02,0,0.05,0,0,0.17,0,0,0,0,100,0,0,7,24
s3_srvr.blast.02_false-unreach-call.i.cil.c,0.04,0.12,0.23,0.14,0.23,0.14,0.11,0.05,0.05,0.01,0,0,0,0,0,0,0.13,0.15,0.03,0,0.13,0.23,0,0,0.11,0,0.08,0.08,0.02,0.02,0.02,0,0.05,0,0,0.17,0,0,0,0,100,0,0,7,25
s3_srvr.blast.02_true-unreach-call.i.cil.c,0.04,0.12,0.23,0.14,0.23,0.14,0.11,0.05,0.05,0.01,0,0,0,0,0,0,0.13,0.15,0.03,0,0.13,0.23,0,0,0.11,0,0.08,0.08,0.02,0.02,0.02,0,0.05,0,0,0.17,0,0,0,0,100,0,0,7,25
s3_srvr.blast.04_false-unreach-call.i.cil.c,0.04,0.12,0.23,0.14,0.23,0.14,0.11,0.05,0.05,0.01,0,0,0,0,0,0,0.13,0.15,0.03,0,0.13,0.23,0,0,0.11,0,0.08,0.08,0.02,0.02,0.02,0,0.05,0,0,0.17,0,0,0,0,100,0,0,7,25
s3_srvr.blast.06_false-unreach-call.i.cil.c,0.03,0.11,0.22,0.13,0.22,0.13,0.1,0.05,0.04,0.01,0,0,0,0,0,0,0.12,0.14,0.03,0,0.12,0.22,0,0,0.1,0,0.07,0.07,0.02,0.02,0.02,0,0.05,0,0,0.16,0,0,0,0,100,0,0,7,25
s3_srvr.blast.06_true-unreach-call.i.cil.c,0.03,0.11,0.22,0.13,0.22,0.13,0.1,0.05,0.04,0.01,0,0,0,0,0,0,0.12,0.14,0.03,0,0.12,0.22,0,0,0.1,0,0.07,0.07,0.02,0.02,0.02,0,0.05,0,0,0.16,0,0,0,0,100,0,0,7,25
s3_srvr.blast.07_false-unreach-call.i.cil.c,0.04,0.12,0.23,0.14,0.23,0.14,0.1,0.05,0.04,0.01,0,0,0,0,0,0,0.13,0.15,0.03,0,0.13,0.23,0,0,0.1,0,0.08,0.08,0.02,0.02,0.02,0,0.05,0,0,0.17,0,0,0,0,100,0,0,7,25
s3_srvr.blast.07_true-unreach-call.i.cil.c,0.04,0.12,0.23,0.14,0.23,0.14,0.1,0.05,0.04,0.01,0,0,0,0,0,0,0.13,0.15,0.03,0,0.13,0.23,0,0,0.1,0,0.08,0.08,0.02,0.02,0.02,0,0.05,0,0,0.17,0,0,0,0,100,0,0,7,25
s3_srvr.blast.08_true-unreach-call.i.cil.c,0.04,0.12,0.23,0.14,0.23,0.14,0.1,0.05,0.04,0.01,0,0,0,0,0,0,0.13,0.15,0.03,0,0.13,0.23,0,0,0.1,0,0.08,0.08,0.02,0.02,0.02,0,0.05,0,0,0.16,0,0,0,0,100,0,0,7,25
s3_srvr.blast.09_false-unreach-call.i.cil.c,0.04,0.12,0.23,0.14,0.23,0.14,0.1,0.05,0.04,0.01,0,0,0,0,0,0,0.13,0.15,0.03,0,0.13,0.23,0,0,0.1,0,0.08,0.08,0.02,0.02,0.02,0,0.05,0,0,0.17,0,0,0,0,100,0,0,7,25
s3_srvr.blast.09_true-unreach-call.i.cil.c,0.04,0.12,0.23,0.14,0.23,0.14,0.1,0.05,0.04,0.01,0,0,0,0,0,0,0.13,0.15,0.03,0,0.13,0.23,0,0,0.1,0,0.08,0.08,0.02,0.02,0.02,0,0.05,0,0,0.17,0,0,0,0,100,0,0,7,25
s3_srvr.blast.10_false-unreach-call.i.cil.c,0.04,0.12,0.23,0.14,0.23,0.14,0.1,0.05,0.05,0.01,0,0,0,0,0,0,0.13,0.15,0.03,0,0.13,0.23,0,0,0.1,0,0.08,0.08,0.02,0.02,0.02,0,0.05,0,0,0.17,0,0,0,0,100,0,0,7,25
s3_srvr.blast.10_true-unreach-call.i.cil.c,0.04,0.12,0.23,0.14,0.23,0.14,0.1,0.05,0.05,0.01,0,0,0,0,0,0,0.13,0.15,0.03,0,0.13,0.23,0,0,0.1,0,0.08,0.08,0.02,0.02,0.02,0,0.05,0,0,0.17,0,0,0,0,100,0,0,7,25
s3_srvr.blast.11_true-unreach-call.i.cil.c,0.04,0.12,0.23,0.14,0.23,0.14,0.1,0.05,0.04,0.01,0,0,0,0,0,0,0.13,0.15,0.03,0,0.13,0.23,0,0,0.1,0,0.08,0.08,0.02,0.02,0.02,0,0.05,0,0,0.17,0,0,0,0,100,0,0,7,25
s3_srvr.blast.12_false-unreach-call.i.cil.c,0.04,0.12,0.23,0.14,0.23,0.14,0.1,0.05,0.04,0.01,0,0,0,0,0,0,0.13,0.15,0.03,0,0.13,0.23,0,0,0.1,0,0.08,0.08,0.02,0.02,0.02,0,0.05,0,0,0.16,0,0,0,0,100,0,0,7,25
s3_srvr.blast.12_true-unreach-call.i.cil.c,0.04,0.12,0.22,0.14,0.22,0.14,0.1,0.05,0.04,0.01,0,0,0,0,0,0,0.13,0.15,0.03,0,0.13,0.22,0,0,0.1,0,0.07,0.07,0.02,0.02,0.02,0,0.05,0,0,0.16,0,0,0,0,100,0,0,7,25
s3_srvr.blast.13_false-unreach-call.i.cil.c,0.04,0.12,0.23,0.14,0.23,0.14,0.1,0.05,0.04,0.01,0,0,0,0,0,0,0.13,0.15,0.03,0,0.13,0.23,0,0,0.1,0,0.08,0.08,0.02,0.02,0.02,0,0.05,0,0,0.17,0,0,0,0,100,0,0,7,25
s3_srvr.blast.13_true-unreach-call.i.cil.c,0.04,0.12,0.23,0.14,0.23,0.14,0.1,0.05,0.04,0.01,0,0,0,0,0,0,0.13,0.15,0.03,0,0.13,0.23,0,0,0.1,0,0.08,0.08,0.02,0.02,0.02,0,0.05,0,0,0.17,0,0,0,0,100,0,0,7,25
s3_srvr.blast.14_false-unreach-call.i.cil.c,0.03,0.12,0.22,0.14,0.22,0.14,0.1,0.05,0.04,0.01,0,0,0,0,0,0,0.13,0.14,0.03,0,0.13,0.22,0,0,0.1,0,0.07,0.07,0.02,0.02,0.02,0,0.05,0,0,0.16,0,0,0,0,100,0,0,7,25
s3_srvr.blast.14_true-unreach-call.i.cil.c,0.03,0.12,0.22,0.13,0.22,0.13,0.1,0.05,0.04,0.01,0,0,0,0,0,0,0.13,0.14,0.03,0,0.13,0.22,0,0,0.1,0,0.07,0.07,0.02,0.02,0.02,0,0.05,0,0,0.16,0,0,0,0,100,0,0,7,25
s3_srvr.blast.15_false-unreach-call.i.cil.c,0.04,0.12,0.22,0.14,0.22,0.14,0.1,0.05,0.04,0.01,0,0,0,0,0,0,0.13,0.15,0.03,0,0.13,0.22,0,0,0.1,0,0.07,0.07,0.02,0.02,0.02,0,0.05,0,0,0.16,0,0,0,0,100,0,0,7,25
s3_srvr.blast.15_true-unreach-call.i.cil.c,0.04,0.12,0.22,0.14,0.22,0.14,0.1,0.05,0.04,0.01,0,0,0,0,0,0,0.13,0.14,0.03,0,0.13,0.22,0,0,0.1,0,0.07,0.07,0.02,0.02,0.02,0,0.05,0,0,0.16,0,0,0,0,100,0,0,7,25
s3_srvr.blast.16_false-unreach-call.i.cil.c,0.03,0.12,0.22,0.13,0.22,0.13,0.1,0.05,0.04,0.01,0,0,0,0,0,0,0.12,0.14,0.03,0,0.12,0.22,0,0,0.1,0,0.07,0.07,0.02,0.02,0.02,0,0.05,0,0,0.16,0,0,0,0,100,0,0,7,25
s3_srvr.blast.16_true-unreach-call.i.cil.c,0.03,0.12,0.22,0.13,0.22,0.13,0.1,0.05,0.04,0.01,0,0,0,0,0,0,0.12,0.14,0.03,0,0.12,0.22,0,0,0.1,0,0.07,0.07,0.02,0.02,0.02,0,0.05,0,0,0.16,0,0,0,0,100,0,0,7,25
s3_srvr_10_false-unreach-call_false-termination.cil.c,0,0.11,0.29,0.11,0.3,0.12,0.13,0.04,0.04,0,0,0,0,0,0,0,0.18,0.16,0,0,0.18,0.3,0,0,0,0,0,0,0,0,0,0,0.12,0,0,0,0,0,0,0,100,0,0,3,24
s3_srvr_11_false-unreach-call_false-termination.cil.c,0,0.08,0.28,0.08,0.29,0.09,0.13,0.04,0.06,0,0,0,0,0,0,0,0.2,0.19,0,0,0.2,0.29,0,0,0,0,0,0,0,0,0,0,0.12,0,0,0,0,0,0,0,100,0,0,3,25
s3_srvr_12_false-unreach-call_false-termination.cil.c,0,0.08,0.26,0.08,0.27,0.08,0.11,0.03,0.05,0,0,0,0,0,0,0,0.18,0.18,0,0,0.18,0.27,0,0,0,0,0,0,0,0,0,0,0.11,0,0,0,0,0,0,0,100,0,0,3,25
s3_srvr_13_false-unreach-call_false-termination.cil.c,0,0.08,0.28,0.08,0.28,0.08,0.12,0.04,0.05,0,0,0,0,0,0,0,0.2,0.18,0,0,0.2,0.28,0,0,0,0,0,0,0,0,0,0,0.12,0,0,0,0,0,0,0,100,0,0,3,25
s3_srvr_14_false-unreach-call_false-termination.cil.c,0,0.09,0.28,0.09,0.29,0.1,0.13,0.04,0.05,0,0,0,0,0,0,0,0.2,0.16,0,0,0.2,0.29,0,0,0,0,0,0,0,0,0,0,0.12,0,0,0,0,0,0,0,100,0,0,3,25
s3_srvr_1_alt_true-unreach-call_true-no-overflow.BV.c.cil.c,0,0.07,0.19,0.07,0.19,0.07,0.05,0,0.05,0,0,0,0,0,0,0,0.12,0.12,0,0,0.12,0.19,0,0,0,0,0,0,0,0,0,0,0.1,0,0,0,0,0,0,0,100,0,0,84,12
s3_srvr_1_false-unreach-call_false-termination.cil.c,0,0.14,0.23,0.14,0.23,0.14,0.09,0,0,0,0,0,0,0,0,0,0.09,0.18,0,0,0.09,0.23,0,0,0,0,0,0,0,0,0,0,0.09,0,0,0,0,0,0,0,100,0,0,47,4
s3_srvr_1_true-unreach-call_false-termination.cil.c,0,0.08,0.28,0.09,0.28,0.09,0.14,0.04,0.04,0.01,0,0,0,0,0,0,0.19,0.16,0.03,0,0.19,0.29,0,0,0,0,0,0,0,0,0,0,0.08,0,0,0,0,0,0,0,100,0,0,3,24
s3_srvr_1_true-unreach-call_true-no-overflow.BV.c.cil.c,0,0.09,0.3,0.09,0.3,0.1,0.13,0.04,0.04,0,0,0,0,0,0,0,0.21,0.16,0,0,0.21,0.3,0,0,0,0,0,0,0,0,0,0,0.12,0,0,0,0,0,0,0,100,0,0,3,24
s3_srvr_1a_true-unreach-call_false-termination.cil.c,0,0.09,0.29,0.09,0.3,0.09,0.13,0.04,0.04,0,0,0,0,0,0,0,0.21,0.16,0,0,0.21,0.3,0,0,0,0,0,0,0,0,0,0,0.12,0,0,0,0,0,0,0,100,0,0,3,24
s3_srvr_1b_true-unreach-call_false-termination.cil.c,0,0.09,0.29,0.1,0.29,0.1,0.14,0.04,0.04,0,0,0,0,0,0,0,0.19,0.16,0.03,0,0.19,0.29,0,0,0,0,0,0,0,0,0,0,0.06,0,0,0,0,0,0,0,100,0,0,3,24
s3_srvr_2_alt_true-unreach-call_true-no-overflow_false-termination.BV.c.cil.c,0,0.07,0.27,0.08,0.29,0.1,0.14,0.04,0.04,0,0,0,0,0,0,0,0.19,0.16,0,0,0.19,0.29,0,0,0,0,0,0,0,0,0,0,0.11,0,0,0,0,0,0,0,100,0,0,3,25
s3_srvr_2_true-unreach-call_false-termination.cil.c,0,0.09,0.3,0.09,0.31,0.1,0.13,0.04,0.05,0,0,0,0,0,0,0,0.21,0.16,0,0,0.21,0.31,0,0,0,0,0,0,0,0,0,0,0.12,0,0,0,0,0,0,0,100,0,0,3,25
s3_srvr_3_alt_true-unreach-call_true-no-overflow.BV.c.cil.c,0,0.06,0.28,0.07,0.28,0.07,0.14,0.04,0.04,0,0,0,0,0,0,0,0.21,0.16,0.04,0,0.21,0.29,0,0,0,0,0,0,0,0,0,0,0.09,0,0,0,0,0,0,0,100,0,0,3,25
s3_srvr_3_true-unreach-call_false-termination.cil.c,0,0.09,0.3,0.09,0.31,0.1,0.13,0.04,0.05,0,0,0,0,0,0,0,0.21,0.16,0,0,0.21,0.31,0,0,0,0,0,0,0,0,0,0,0.12,0,0,0,0,0,0,0,100,0,0,3,25
s3_srvr_3_true-unreach-call_true-no-overflow.BV.c.cil.c,0,0.08,0.28,0.09,0.28,0.09,0.14,0.04,0.04,0,0,0,0,0,0,0,0.19,0.16,0.04,0,0.19,0.29,0,0,0,0,0,0,0,0,0,0,0.09,0,0,0,0,0,0,0,100,0,0,3,25
s3_srvr_4_true-unreach-call_false-termination.cil.c,0,0.09,0.3,0.09,0.31,0.1,0.13,0.04,0.05,0,0,0,0,0,0,0,0.21,0.16,0,0,0.21,0.31,0,0,0,0,0,0,0,0,0,0,0.12,0,0,0,0,0,0,0,100,0,0,3,25
s3_srvr_6_false-unreach-call_false-termination.cil.c,0,0.08,0.27,0.08,0.28,0.09,0.12,0.04,0.04,0,0,0,0,0,0,0,0.19,0.15,0,0,0.19,0.28,0,0,0,0,0,0,0,0,0,0,0.11,0,0,0,0,0,0,0,100,0,0,3,25
s3_srvr_6_true-unreach-call_false-termination.cil.c,0,0.08,0.27,0.08,0.28,0.09,0.12,0.04,0.04,0,0,0,0,0,0,0,0.19,0.15,0,0,0.19,0.28,0,0,0,0,0,0,0,0,0,0,0.12,0,0,0,0,0,0,0,100,0,0,3,25
s3_srvr_8_true-unreach-call_false-termination.cil.c,0,0.08,0.29,0.08,0.3,0.09,0.13,0.04,0.05,0,0,0,0,0,0,0,0.2,0.16,0,0,0.2,0.3,0,0,0,0,0,0,0,0,0,0,0.12,0,0,0,0,0,0,0,100,0,0,3,25
soft_float_1_true-unreach-call_true-no-overflow_true-termination.c.cil.c,0,0.18,0.24,0.19,0.28,0.23,0.04,0.04,0.02,0.02,0,0,0,0,0,0,0.06,0.33,0.26,0,0.06,0.49,0,0,0,0,0,0,0,0,0,0,0.35,0,0,0,100,100,100,0,0,0,0,51,6
soft_float_2_true-unreach-call_true-no-overflow_true-termination.c.cil.c,0.01,0.12,0.2,0.14,0.25,0.19,0.04,0.04,0.03,0.03,0,0,0,0,0,0,0.07,0.33,0.35,0,0.07,0.54,0,0,0,0,0,0,0,0,0,0,0.35,0,0,0,100,100,100,0,0,0,0,17,6
soft_float_4_true-unreach-call_true-no-overflow_true-termination.c.cil.c,0.01,0.1,0.18,0.12,0.23,0.17,0.04,0.04,0.01,0.01,0,0,0,0,0,0,0.08,0.32,0.36,0,0.08,0.53,0,0,0,0,0,0,0,0,0,0,0.36,0,0,0,100,100,100,0,0,0,0,9,6
soft_float_5_true-unreach-call_true-no-overflow_true-termination.c.cil.c,0.01,0.12,0.2,0.14,0.25,0.19,0.04,0.04,0.03,0.03,0,0,0,0,0,0,0.07,0.34,0.35,0,0.07,0.54,0,0,0,0,0,0,0,0,0,0,0.35,0,0,0,100,100,100,0,0,0,0,17,6
standard_init6_false-unreach-call_ground.c,0.12,0.25,0.5,0.5,0.5,0.5,0.25,0.25,0,0,0.25,0,0.25,0,0,0,0,0.12,0,0,0,0.5,0,0,0.12,0.12,0,0,0,0,0,0,0.25,0,0,0,100,100,100,0,0,0,0,31,2
standard_maxInArray_true-unreach-call_ground.c,0.1,0.2,0.5,0.4,0.5,0.4,0.2,0.2,0,0,0.2,0,0.2,0,0,0,0,0.2,0,0,0.1,0.5,0,0,0.1,0.1,0,0,0,0,0,0,0.3,0,0,0,100,100,100,0,0,0,0,13,2
standard_partition_original_true-unreach-call_ground.c,0.07,0.14,0.43,0.43,0.43,0.43,0.14,0.14,0,0,0.14,0.14,0.29,0,0,0,0,0.07,0,0,0,0.43,0,0,0.21,0.21,0,0,0,0,0,0,0.29,0,0,0,100,100,100,0,0,0,0,18,2
standard_seq_init_true-unreach-call_ground.c,0.12,0.25,0.5,0.5,0.5,0.5,0.25,0.25,0,0,0.25,0,0.25,0,0,0,0,0.12,0,0,0,0.5,0,0,0.12,0.12,0,0,0,0,0,0,0.25,0,0,0,100,100,100,0,0,0,0,11,2
standard_two_index_04_true-unreach-call.c,0.1,0.2,0.4,0.4,0.4,0.4,0.2,0.2,0,0,0.1,0,0.2,0,0,0,0,0.1,0,0,0,0.4,0,0,0.2,0.2,0,0,0,0,0,0,0.2,0,0,0,100,100,100,0,0,0,0,15,2
standard_two_index_09_true-unreach-call.c,0.1,0.2,0.4,0.4,0.4,0.4,0.2,0.2,0,0,0.1,0,0.2,0,0,0,0,0.1,0,0,0,0.4,0,0,0.2,0.2,0,0,0,0,0,0,0.2,0,0,0,100,100,100,0,0,0,0,15,2
sum02_true-unreach-call_true-no-overflow.c,0.17,0.17,0.5,0.33,0.5,0.33,0.17,0.17,0,0,0.08,0.17,0,0,0,0,0.17,0.08,0,0,0.17,0.58,0,0,0,0,0,0,0,0,0,0,0.33,0,0,0,100,100,100,0,0,0,0,9,2
test_locks_11_true-unreach-call_true-valid-memsafety_false-termination.c,0,0.17,0.34,0.17,0.34,0.17,0.34,0.17,0.32,0.15,0,0,0,0,0,0,0.17,0.32,0,0,0.17,0.34,0,0,0,0,0,0,0,0,0,0,0,0,0,0,0,0,0,0,100,0,0,76,11
test_locks_12_true-unreach-call_true-valid-memsafety_false-termination.c,0,0.17,0.34,0.17,0.34,0.17,0.34,0.17,0.32,0.16,0,0,0,0,0,0,0.17,0.32,0,0,0.17,0.34,0,0,0,0,0,0,0,0,0,0,0,0,0,0,0,0,0,0,100,0,0,82,12
test_locks_13_true-unreach-call_true-valid-memsafety_false-termination.c,0,0.17,0.34,0.17,0.34,0.17,0.34,0.17,0.33,0.16,0,0,0,0,0,0,0.17,0.33,0,0,0.17,0.34,0,0,0,0,0,0,0,0,0,0,0,0,0,0,0,0,0,0,100,0,0,88,13
test_locks_14_true-unreach-call_true-valid-memsafety_false-termination.c,0,0.17,0.34,0.17,0.34,0.17,0.34,0.17,0.33,0.16,0,0,0,0,0,0,0.17,0.33,0,0,0.17,0.34,0,0,0,0,0,0,0,0,0,0,0,0,0,0,0,0,0,0,100,0,0,94,14
test_locks_15_true-unreach-call_true-valid-memsafety_false-termination.c,0,0.17,0.34,0.17,0.34,0.17,0.34,0.17,0.33,0.16,0,0,0,0,0,0,0.17,0.33,0,0,0.17,0.34,0,0,0,0,0,0,0,0,0,0,0,0,0,0,0,0,0,0,100,0,0,100,15
test_locks_6_true-unreach-call_true-valid-memsafety_false-termination.c,0,0.17,0.34,0.17,0.34,0.17,0.34,0.17,0.32,0.15,0,0,0,0,0,0,0.17,0.32,0,0,0.17,0.34,0,0,0,0,0,0,0,0,0,0,0,0,0,0,0,0,0,0,100,0,0,46,6
test_locks_8_true-unreach-call_true-valid-memsafety_false-termination.c,0,0.17,0.34,0.17,0.34,0.17,0.34,0.17,0.32,0.15,0,0,0,0,0,0,0.17,0.32,0,0,0.17,0.34,0,0,0,0,0,0,0,0,0,0,0,0,0,0,0,0,0,0,100,0,0,58,8
test_locks_9_true-unreach-call_true-valid-memsafety_false-termination.c,0,0.17,0.34,0.17,0.34,0.17,0.34,0.17,0.32,0.15,0,0,0,0,0,0,0.17,0.32,0,0,0.17,0.34,0,0,0,0,0,0,0,0,0,0,0,0,0,0,0,0,0,0,100,0,0,64,9
