programs,smlcs,result,runtime,smlcs_config1,smlcs_config2,smlcs_config3,smlcs_result1,smlcs_result2,smlcs_result3,smlcs_runtime1,smlcs_runtime2,smlcs_runtime3,sv17,sv17_runtime,sv18,sv18_runtime,boolean_selection,bs_configurations,bs_runtime,smlcs_acc_result,smlcs_acc_config,smlcs_acc_runtime
addsub_double_exact_true-unreach-call_true-termination.c,predicateconfig30,ERROR,6.49,predicateconfig20,predicateconfig32,predicateconfig26,TRUE,ERROR,ERROR,4.93,5.8,5.64,TRUE,8.07,TRUE,8.08,TRUE,configselection-restart-bmc-fallbacks.properties,8.34,TRUE,predicateconfig20,4.93
afnp2014_true-unreach-call_true-termination.c,bmcconfig1,TRUE,6.09,bmcconfig1,valueconfig29,valueconfig30,TRUE,EXCEPTION,EXCEPTION,5.12,4.91,5.32,TRUE,24.54,TRUE,19.94,TRUE,configselection-svcomp18.properties,20.57,TRUE,bmcconfig1,5.12
aiob_3_true-unreach-call.c,predicateconfig16,TRUE,55.81,valueconfig6,valueconfig4,predicateconfig38,ERROR,TRUE,EXCEPTION,5.61,8.8,9.55,TRUE,68.72,TRUE,76.62,TRUE,configselection-restart-valueAnalysis-fallbacks.properties,65.83,ERROR,valueconfig6,5.61
arctan_Pade_true-unreach-call_true-termination.c,predicateconfig5,ERROR,6.11,predicateconfig28,predicateconfig16,predicateconfig27,ERROR,ERROR,TIMEOUT,5.93,13.22,300.11,TRUE,97.32,TRUE,97.29,TRUE,configselection-restart-bmc-fallbacks.properties,36.05,ERROR,predicateconfig28,5.93
array_false-unreach-call1_true-termination.c,predicateconfig15,TIMEOUT,215.06,predicateconfig15,predicateconfig16,predicateconfig4,ERROR,TIMEOUT,false(unreach-call),12.04,300.36,13.82,TIMEOUT,301.02,TIMEOUT,301.38,TIMEOUT,configselection-restart-valueAnalysis-fallbacks.properties,300.94,ERROR,predicateconfig15,12.04
array_false-unreach-call3_true-termination.c,bmcconfig11,TIMEOUT,242.42,bmcconfig12,valueconfig13,predicateconfig13,false(unreach-call),TIMEOUT,TIMEOUT,28.14,300.5,300.35,TIMEOUT,301.34,TIMEOUT,301.43,TIMEOUT,configselection-restart-valueAnalysis-fallbacks.properties,300.94,false(unreach-call),bmcconfig12,28.14
array_ptr_single_elem_init_false-unreach-call_true-termination.c,predicateconfig9,TIMEOUT,247.57,predicateconfig10,predicateconfig9,predicateconfig10,TIMEOUT,ERROR,TIMEOUT,300.96,13.79,300.06,TIMEOUT,301.43,TIMEOUT,301.18,TIMEOUT,configselection-restart-valueAnalysis-fallbacks.properties,300.94,TIMEOUT,predicateconfig10,300.96
bhmr2007_true-unreach-call_true-termination.c,predicateconfig1,ERROR,5.04,valueconfig10,predicateconfig10,valueconfig9,ERROR,ERROR,ERROR,4.81,4.87,3.65,ERROR,12,ERROR,12,ERROR,configselection-svcomp18.properties,5.44,ERROR,valueconfig10,4.81
bubble_sort_true-unreach-call_true-termination.c,valueconfig29,EXCEPTION,6.57,bmcconfig2,bmcconfig1,bmcconfig8,TRUE,TRUE,TRUE,5.77,6.99,7.58,TRUE,160.07,TRUE,98.11,TIMEOUT,configselection-restart-valueAnalysis-fallbacks.properties,300.94,TRUE,bmcconfig2,5.77
cast_union_loose_false-unreach-call_true-termination.c,predicateconfig24,false(unreach-call),10.04,predicateconfig15,predicateconfig13,predicateconfig16,ERROR,false(unreach-call),false(unreach-call),5.83,10.81,10.95,false(unreach-call),10.98,false(unreach-call),11.19,false(unreach-call),configselection-restart-bmc-fallbacks.properties,9.32,ERROR,predicateconfig15,5.83
cggmp2005_variant_true-unreach-call_true-termination.c,valueconfig23,ERROR,4.43,valueconfig23,bmcconfig5,valueconfig24,ERROR,ERROR,ERROR,5.28,5.66,5.95,ERROR,12,ERROR,12,ERROR,configselection-svcomp18.properties,5.35,ERROR,valueconfig23,5.28
compact_false-unreach-call.c,valueconfig22,TIMEOUT,300.6,valueconfig21,valueconfig22,bmcconfig3,EXCEPTION,EXCEPTION,TIMEOUT,6.59,6.28,296.91,TIMEOUT,301.24,TIMEOUT,301.15,TIMEOUT,configselection-restart-valueAnalysis-fallbacks.properties,300.94,EXCEPTION,valueconfig21,6.59
count_by_2_true-unreach-call_true-termination.c,predicateconfig29,ERROR,4.48,valueconfig27,predicateconfig27,valueconfig28,ERROR,ERROR,ERROR,5.32,5.59,6.08,ERROR,12,ERROR,12,ERROR,configselection-svcomp18.properties,5.22,ERROR,valueconfig27,5.32
count_by_k_true-unreach-call_true-termination.c,predicateconfig27,ERROR,4.51,valueconfig25,predicateconfig25,valueconfig26,ERROR,ERROR,ERROR,5.26,5.79,5.73,ERROR,12,ERROR,12,ERROR,configselection-svcomp18.properties,5.22,ERROR,valueconfig25,5.26
count_by_nondet_true-unreach-call_true-termination.c,predicateconfig21,ERROR,4.65,predicateconfig23,predicateconfig24,predicateconfig30,ERROR,ERROR,ERROR,5.31,5.83,5.73,ERROR,12,ERROR,12,ERROR,configselection-svcomp18.properties,5.22,ERROR,predicateconfig23,5.31
cs_fib_true-unreach-call.c,predicateconfig39,EXCEPTION,9.68,predicateconfig40,predicateconfig27,predicateconfig28,EXCEPTION,EXCEPTION,ERROR,9.16,9.37,9.05,TIMEOUT,301.75,TIMEOUT,301.48,TIMEOUT,configselection-restart-valueAnalysis-fallbacks.properties,300.94,EXCEPTION,predicateconfig40,9.16
cs_lazy_false-unreach-call_true-termination.c,predicateconfig39,EXCEPTION,9.65,predicateconfig26,predicateconfig27,predicateconfig28,ERROR,ERROR,ERROR,8.4,8.92,8.96,TIMEOUT,301.6,TIMEOUT,301.43,TIMEOUT,configselection-restart-valueAnalysis-fallbacks.properties,300.94,ERROR,predicateconfig26,8.4
cs_queue_true-unreach-call.c,bmcconfig4,unknown,13.85,bmcconfig4,bmcconfig3,bmcconfig6,unknown,unknown,TIMEOUT,12.35,12.84,300.25,TIMEOUT,301.63,TIMEOUT,301.67,TIMEOUT,configselection-restart-valueAnalysis-fallbacks.properties,300.94,unknown,bmcconfig4,12.35
cs_stateful_true-unreach-call.c,predicateconfig39,EXCEPTION,9.19,valueconfig20,valueconfig22,valueconfig3,EXCEPTION,EXCEPTION,ERROR,8.06,7.48,9.8,TIMEOUT,301.44,TIMEOUT,301.43,TIMEOUT,configselection-restart-valueAnalysis-fallbacks.properties,300.94,EXCEPTION,valueconfig20,8.06
Double_div_true-unreach-call.c,valueconfig11,TRUE,9.19,predicateconfig14,valueconfig13,predicateconfig13,TRUE,TRUE,TRUE,26.66,7.11,20.34,TRUE,15.06,TRUE,13.26,TRUE,configselection-restart-valueAnalysis-fallbacks.properties,13.42,TRUE,predicateconfig14,26.66
down_true-unreach-call_true-termination.c,predicateconfig21,TRUE,6.36,predicateconfig36,predicateconfig21,predicateconfig22,TRUE,TIMEOUT,TRUE,7.18,300.06,7.19,TRUE,159.62,TRUE,98.57,TRUE,configselection-svcomp18.properties,98.29,TRUE,predicateconfig36,7.18
elevator_spec1_product11_true-unreach-call_true-termination.cil.c,predicateconfig40,EXCEPTION,9.6,predicateconfig6,predicateconfig32,predicateconfig18,TRUE,ERROR,TRUE,18.07,3.86,16.76,TRUE,17.06,TRUE,16.91,TRUE,configselection-svcomp18.properties,17.08,TRUE,predicateconfig6,18.07
elevator_spec1_product22_false-unreach-call_true-termination.cil.c,predicateconfig24,EXCEPTION,41.14,predicateconfig16,predicateconfig15,predicateconfig22,TIMEOUT,false(unreach-call),ERROR,312.47,25.47,5.95,false(unreach-call),23.24,false(unreach-call),22.88,false(unreach-call),configselection-svcomp18.properties,17.12,TIMEOUT,predicateconfig16,312.47
elevator_spec14_product11_true-unreach-call_true-termination.cil.c,valueconfig25,TRUE,12.08,valueconfig25,predicateconfig19,predicateconfig25,EXCEPTION,ERROR,TRUE,8.6,36.22,11.98,TRUE,17.07,TRUE,17.34,TRUE,configselection-svcomp18.properties,22.73,EXCEPTION,valueconfig25,8.6
elevator_spec3_product11_false-unreach-call_true-termination.cil.c,predicateconfig36,TIMEOUT,216.56,valueconfig8,valueconfig7,bmcconfig12,false(unreach-call),false(unreach-call),TIMEOUT,17.27,18.61,301.38,false(unreach-call),23.8,false(unreach-call),24.18,false(unreach-call),configselection-svcomp18.properties,24.03,false(unreach-call),valueconfig8,17.27
email_spec3_product30_false-unreach-call_true-termination.cil.c,valueconfig20,ERROR,21.7,bmcconfig4,predicateconfig18,bmcconfig3,TIMEOUT,false(unreach-call),TIMEOUT,300.95,177.5,300.57,false(unreach-call),41.26,false(unreach-call),22.1,false(unreach-call),configselection-svcomp18.properties,21.99,TIMEOUT,bmcconfig4,300.95
eureka_05_true-unreach-call_true-termination.c,valueconfig29,EXCEPTION,6.76,valueconfig2,valueconfig1,predicateconfig30,TRUE,TRUE,EXCEPTION,7.1,7.13,7.07,TRUE,9.62,TRUE,9.13,TRUE,configselection-restart-valueAnalysis-fallbacks.properties,9.1,TRUE,valueconfig2,7.1
EvenOdd03_false-unreach-call_true-no-overflow_true-termination.c,predicateconfig38,EXCEPTION,6.47,predicateconfig37,predicateconfig38,valueconfig9,EXCEPTION,EXCEPTION,false(unreach-call),7.01,7.74,9.96,false(unreach-call),9.95,false(unreach-call),10.1,false(unreach-call),configselection-restart-bmc-fallbacks.properties,8.85,EXCEPTION,predicateconfig37,7.01
fibo_2calls_15_false-unreach-call.c,predicateconfig22,false(unreach-call),10.42,predicateconfig14,predicateconfig12,predicateconfig4,false(unreach-call),false(unreach-call),false(unreach-call),9.01,8.95,7.07,false(unreach-call),10.45,false(unreach-call),10.81,false(unreach-call),configselection-restart-bmc-fallbacks.properties,9.38,false(unreach-call),predicateconfig14,9.01
fibo_2calls_2_true-unreach-call_true-termination.c,predicateconfig39,EXCEPTION,6.69,predicateconfig34,predicateconfig22,predicateconfig33,TRUE,TRUE,TRUE,24.78,6.62,25.57,TRUE,8.21,TRUE,8.31,TRUE,configselection-restart-bmc-fallbacks.properties,9.48,TRUE,predicateconfig34,24.78
fibo_2calls_25_false-unreach-call.c,predicateconfig36,TIMEOUT,241.33,predicateconfig36,valueconfig2,valueconfig1,TIMEOUT,false(unreach-call),false(unreach-call),300.66,6.81,7.12,false(unreach-call),11.1,false(unreach-call),11.16,unknown,no,0,TIMEOUT,predicateconfig36,300.66
fibo_2calls_5_false-unreach-call_true-termination.c,valueconfig28,TRUE,6.52,valueconfig18,bmcconfig2,valueconfig17,false(unreach-call),false(unreach-call),false(unreach-call),11.93,7.34,11.44,false(unreach-call),10.86,false(unreach-call),11.03,false(unreach-call),configselection-restart-bmc-fallbacks.properties,9.26,false(unreach-call),valueconfig18,11.93
Fibonacci05_false-unreach-call_true-no-overflow_true-termination.c,bmcconfig3,false(unreach-call),7.11,bmcconfig3,bmcconfig3,bmcconfig3,false(unreach-call),false(unreach-call),false(unreach-call),6.84,7.82,7.4,false(unreach-call),12,false(unreach-call),11.57,false(unreach-call),configselection-restart-bmc-fallbacks.properties,8.46,false(unreach-call),bmcconfig3,6.84
filter1_true-unreach-call_true-termination.c,predicateconfig14,false(unreach-call),6.12,no,no,no,unknown,unknown,unknown,12,12,12,TRUE,32.06,TRUE,34.21,TIMEOUT,configselection-restart-bmc-fallbacks.properties,300.93,unknown,no,12
float_lib2_true-unreach-call.c,predicateconfig37,ERROR,7.87,bmcconfig6,bmcconfig8,predicateconfig36,false(unreach-call),TRUE,ERROR,8.02,10.2,9.32,TRUE,9.59,TRUE,9.72,TRUE,configselection-restart-bmc-fallbacks.properties,11,false(unreach-call),bmcconfig6,8.02
float11_true-unreach-call_true-termination.c,predicateconfig19,unknown,10.02,predicateconfig12,predicateconfig11,predicateconfig26,TRUE,TRUE,TRUE,6.46,6.45,7.33,TRUE,8.04,TRUE,7.74,TRUE,configselection-restart-bmc-fallbacks.properties,7.81,TRUE,predicateconfig12,6.46
float13_true-unreach-call_true-termination.c,predicateconfig11,ERROR,6.63,predicateconfig10,predicateconfig9,predicateconfig24,TRUE,ERROR,unknown,6.25,6.81,10.79,TRUE,8.13,TRUE,8.07,TRUE,configselection-restart-bmc-fallbacks.properties,9.11,TRUE,predicateconfig10,6.25
float18_true-unreach-call.c,predicateconfig9,ERROR,7.61,predicateconfig8,valueconfig7,valueconfig8,TRUE,ERROR,TIMEOUT,8.93,3.86,309.85,TRUE,10.02,TRUE,9.57,TRUE,configselection-restart-valueAnalysis-fallbacks.properties,9.34,TRUE,predicateconfig8,8.93
float2_true-unreach-call_true-termination.c,valueconfig3,false(unreach-call),5.71,bmcconfig12,valueconfig2,bmcconfig11,TRUE,TRUE,false(unreach-call),7.04,6.82,7.35,TRUE,7.85,TRUE,7.93,TRUE,configselection-restart-bmc-fallbacks.properties,8.71,TRUE,bmcconfig12,7.04
float20_true-unreach-call_true-termination.c,predicateconfig7,unknown,10.23,predicateconfig6,valueconfig5,valueconfig6,TIMEOUT,TRUE,TIMEOUT,300.49,6.93,300.64,TRUE,8.09,TRUE,8.16,TRUE,configselection-restart-bmc-fallbacks.properties,8.89,TIMEOUT,predicateconfig6,300.49
float6_true-unreach-call_true-termination.c,predicateconfig39,ERROR,6.88,predicateconfig38,valueconfig12,predicateconfig12,ERROR,TRUE,TRUE,7.07,8.05,7.67,TRUE,8.34,TRUE,8.85,TRUE,configselection-restart-bmc-fallbacks.properties,9.13,ERROR,predicateconfig38,7.07
float-no-simp7_true-unreach-call_true-termination.c,predicateconfig6,ERROR,6.82,valueconfig18,predicateconfig18,valueconfig17,TIMEOUT,TIMEOUT,TRUE,300.99,301.02,7.55,TRUE,7.74,TRUE,7.8,TRUE,configselection-restart-bmc-fallbacks.properties,8.37,TIMEOUT,valueconfig18,300.99
float-zero-sum1_true-unreach-call_true-termination.c,predicateconfig22,ERROR,6.98,valueconfig14,predicateconfig14,valueconfig13,TRUE,TRUE,TRUE,7.33,6.8,7.16,TRUE,7.75,TRUE,7.91,TRUE,configselection-restart-bmc-fallbacks.properties,8.08,TRUE,valueconfig14,7.33
floppy2_true-unreach-call_true-termination.i.cil.c,predicateconfig33,EXCEPTION,21.75,predicateconfig32,predicateconfig31,bmcconfig1,TRUE,EXCEPTION,TIMEOUT,183.07,25.27,303.06,TRUE,162.76,TRUE,147.72,TIMEOUT,configselection-restart-valueAnalysis-fallbacks.properties,300.94,TRUE,predicateconfig32,183.07
fmin_true-unreach-call.c,valueconfig15,unknown,13.57,predicateconfig15,predicateconfig16,predicateconfig27,unknown,TRUE,false(unreach-call),16.49,10.2,8.13,TRUE,9.63,TRUE,9.65,TRUE,configselection-restart-bmc-fallbacks.properties,11.09,unknown,predicateconfig15,16.49
functions_false-unreach-call1_true-termination.c,predicateconfig25,EXCEPTION,7.05,valueconfig25,predicateconfig25,valueconfig26,EXCEPTION,ERROR,EXCEPTION,5.84,5.42,6.41,TIMEOUT,301.28,TIMEOUT,301.14,TIMEOUT,configselection-svcomp18.properties,301.14,EXCEPTION,valueconfig25,5.84
gcd_1_true-unreach-call_true-no-overflow.c,valueconfig21,false(unreach-call),9.11,bmcconfig4,valueconfig21,valueconfig22,TRUE,EXCEPTION,EXCEPTION,50.71,4.95,6.31,TRUE,26.49,TRUE,26.56,TRUE,configselection-svcomp18.properties,29.8,TRUE,bmcconfig4,50.71
gcd_4_true-unreach-call_true-no-overflow_true-termination.c,predicateconfig3,TRUE,16.05,predicateconfig32,predicateconfig20,predicateconfig19,TRUE,TRUE,TRUE,13.26,6.26,7.32,TRUE,8.62,TRUE,7.84,TRUE,configselection-svcomp18.properties,8.48,TRUE,predicateconfig32,13.26
gj2007_true-unreach-call_true-termination.c,predicateconfig3,TRUE,6.1,predicateconfig16,predicateconfig15,valueconfig16,TRUE,TRUE,TRUE,7,8.15,9.52,TRUE,9.87,TRUE,9.59,TRUE,configselection-svcomp18.properties,9.97,TRUE,predicateconfig16,7
gj2007b_true-unreach-call_true-termination.c,valueconfig1,TIMEOUT,300.11,predicateconfig37,valueconfig9,valueconfig2,TRUE,TIMEOUT,TIMEOUT,6.8,300.3,305.22,TRUE,158.96,TRUE,98.53,TRUE,configselection-svcomp18.properties,98.45,TRUE,predicateconfig37,6.8
gr2006_true-unreach-call_true-termination.c,predicateconfig25,TRUE,5.61,bmcconfig8,bmcconfig5,bmcconfig6,TRUE,TRUE,TRUE,6.88,6,7.44,TRUE,10.76,TRUE,10,TRUE,configselection-svcomp18.properties,10.2,TRUE,bmcconfig8,6.88
half_true-unreach-call_true-termination.c,predicateconfig31,ERROR,3.93,predicateconfig32,predicateconfig31,valueconfig4,ERROR,ERROR,ERROR,5.21,3.4,5.67,ERROR,12,ERROR,12,ERROR,configselection-svcomp18.properties,5.46,ERROR,predicateconfig32,5.21
heavy_true-unreach-call.c,predicateconfig4,TRUE,6.64,valueconfig2,predicateconfig2,bmcconfig12,EXCEPTION,TIMEOUT,TRUE,9.13,300.87,7.42,TRUE,158.72,TRUE,97.94,TRUE,configselection-svcomp18.properties,99.02,EXCEPTION,valueconfig2,9.13
hhk2008_true-unreach-call_true-termination.c,predicateconfig2,TRUE,5.31,predicateconfig14,predicateconfig2,predicateconfig5,TRUE,TRUE,TRUE,5.93,5.52,6.9,TRUE,8.23,TRUE,8.08,TRUE,configselection-svcomp18.properties,8.25,TRUE,predicateconfig14,5.93
id_i10_o10_false-unreach-call_true-termination.c,predicateconfig18,unknown,12,predicateconfig8,predicateconfig16,predicateconfig4,false(unreach-call),false(unreach-call),false(unreach-call),5.15,7.94,4.97,false(unreach-call),10.21,false(unreach-call),9.67,false(unreach-call),configselection-restart-bmc-fallbacks.properties,8.82,false(unreach-call),predicateconfig8,5.15
id_o200_false-unreach-call_true-termination_true-no-overflow.c,predicateconfig24,unknown,12,valueconfig28,bmcconfig4,predicateconfig24,EXCEPTION,false(unreach-call),false(unreach-call),5.91,5.87,7.27,false(unreach-call),9.72,false(unreach-call),10.02,false(unreach-call),configselection-restart-bmc-fallbacks.properties,8.82,EXCEPTION,valueconfig28,5.91
id2_b3_o5_true-unreach-call_true-termination_true-no-overflow.c,predicateconfig33,TRUE,5.92,valueconfig12,valueconfig8,valueconfig10,TRUE,TRUE,unknown,6.76,6.15,8.79,TRUE,11.71,TRUE,11.97,TRUE,configselection-restart-bmc-fallbacks.properties,8.82,TRUE,valueconfig12,6.76
jm2006_true-unreach-call_true-termination.c,valueconfig16,TRUE,5.19,predicateconfig28,valueconfig16,predicateconfig27,TRUE,TIMEOUT,TIMEOUT,6.54,300.54,300.85,TRUE,8.38,TRUE,8.26,TRUE,configselection-svcomp18.properties,8.38,TRUE,predicateconfig28,6.54
kundu1_false-unreach-call_false-termination.cil.c,bmcconfig5,false(unreach-call),39.23,bmcconfig8,predicateconfig38,valueconfig18,false(unreach-call),EXCEPTION,TIMEOUT,30.91,6.97,300.11,false(unreach-call),17.82,false(unreach-call),18.69,false(unreach-call),configselection-svcomp18.properties,17.7,false(unreach-call),bmcconfig8,30.91
list_and_tree_cnstr_false-unreach-call_false-termination.c,predicateconfig5,EXCEPTION,8.49,predicateconfig8,predicateconfig14,predicateconfig2,ERROR,unknown,false(unreach-call),10.39,9.36,5.91,TIMEOUT,301.59,TIMEOUT,301.76,TIMEOUT,configselection-restart-valueAnalysis-fallbacks.properties,300.94,ERROR,predicateconfig8,10.39
lrint_true-unreach-call.c,bmcconfig11,ERROR,13.94,bmcconfig2,bmcconfig8,bmcconfig1,ERROR,false(unreach-call),ERROR,8.04,8.48,6.88,unknown,20.53,unknown,20.66,ERROR,configselection-restart-bmc-fallbacks.properties,11.68,ERROR,bmcconfig2,8.04
lu.cmp_true-unreach-call.c,predicateconfig4,ERROR,10.25,valueconfig1,predicateconfig1,bmcconfig11,TRUE,TRUE,TRUE,7.08,7.22,12.67,TRUE,10.16,TRUE,10.26,TRUE,configselection-restart-valueAnalysis-fallbacks.properties,10.14,TRUE,valueconfig1,7.08
matrix_false-unreach-call_true-termination.c,predicateconfig2,false(unreach-call),6.9,bmcconfig10,predicateconfig5,bmcconfig9,TIMEOUT,false(unreach-call),TIMEOUT,300.64,5.06,300.79,false(unreach-call),14.26,false(unreach-call),12.73,false(unreach-call),configselection-restart-valueAnalysis-fallbacks.properties,30.19,TIMEOUT,bmcconfig10,300.64
matrix_true-unreach-call_true-termination.c,predicateconfig36,TRUE,13.41,predicateconfig38,valueconfig12,valueconfig10,TRUE,EXCEPTION,EXCEPTION,8.54,5.21,4.95,TRUE,15.8,TRUE,13.96,TRUE,configselection-restart-valueAnalysis-fallbacks.properties,15.61,TRUE,predicateconfig38,8.54
McCarthy91_true-unreach-call_true-no-overflow_true-termination.c,predicateconfig29,false(unreach-call),6.88,predicateconfig40,valueconfig12,predicateconfig34,EXCEPTION,false(unreach-call),TRUE,7.09,9.9,9.12,false(unreach-call),11.24,false(unreach-call),11.72,false(unreach-call),configselection-restart-bmc-fallbacks.properties,8.22,EXCEPTION,predicateconfig40,7.09
mea8000_true-unreach-call.c,predicateconfig20,TIMEOUT,204.74,predicateconfig34,predicateconfig33,predicateconfig35,EXCEPTION,EXCEPTION,EXCEPTION,9.13,9.83,9.68,TIMEOUT,301.51,TIMEOUT,301.44,TIMEOUT,configselection-restart-valueAnalysis-fallbacks.properties,300.94,EXCEPTION,predicateconfig34,9.13
minepump_spec1_product19_true-unreach-call_false-termination.cil.c,valueconfig28,TRUE,7.73,bmcconfig10,valueconfig18,valueconfig16,TRUE,TIMEOUT,TIMEOUT,7,301.53,306.65,TRUE,14.45,TRUE,14.03,TRUE,configselection-svcomp18.properties,13.95,TRUE,bmcconfig10,7
mod3_true-unreach-call.c,predicateconfig24,EXCEPTION,6.66,valueconfig18,predicateconfig18,predicateconfig17,TIMEOUT,TRUE,TRUE,300.45,8.11,15.16,TRUE,221.71,TRUE,221.73,TIMEOUT,configselection-restart-bmc-fallbacks.properties,300.94,TIMEOUT,valueconfig18,300.45
nan_float_false-unreach-call_true-termination.c,predicateconfig10,false(unreach-call),8.62,valueconfig2,predicateconfig2,predicateconfig36,TRUE,false(unreach-call),false(unreach-call),4.81,5.19,6.88,false(unreach-call),10.25,false(unreach-call),9.82,false(unreach-call),configselection-restart-bmc-fallbacks.properties,8.44,TRUE,valueconfig2,4.81
nest-if3_true-unreach-call_true-termination.c,predicateconfig3,ERROR,4.82,valueconfig4,predicateconfig23,predicateconfig38,ERROR,ERROR,ERROR,4.58,3.15,3.49,ERROR,12,ERROR,12,ERROR,configselection-svcomp18.properties,5.29,ERROR,valueconfig4,4.58
newton_1_2_true-unreach-call_true-termination.c,valueconfig15,TIMEOUT,300.25,predicateconfig10,valueconfig12,valueconfig27,TIMEOUT,TIMEOUT,EXCEPTION,300.71,301.1,5.88,TIMEOUT,300.89,TIMEOUT,300.95,TIMEOUT,configselection-restart-bmc-fallbacks.properties,300.94,TIMEOUT,predicateconfig10,300.71
newton_1_5_false-unreach-call_true-termination.c,valueconfig23,false(unreach-call),88.99,predicateconfig25,predicateconfig16,predicateconfig22,TRUE,false(unreach-call),false(unreach-call),6.31,49.55,79.65,false(unreach-call),73.41,false(unreach-call),76.58,false(unreach-call),configselection-restart-bmc-fallbacks.properties,86.46,TRUE,predicateconfig25,6.31
newton_1_6_false-unreach-call_true-termination.c,predicateconfig11,ERROR,6.76,valueconfig23,valueconfig14,bmcconfig1,EXCEPTION,false(unreach-call),false(unreach-call),5.66,70.55,46.88,false(unreach-call),30.04,false(unreach-call),26.96,false(unreach-call),configselection-restart-bmc-fallbacks.properties,64.33,EXCEPTION,valueconfig23,5.66
newton_2_2_true-unreach-call_true-termination.c,valueconfig1,false(unreach-call),6.33,valueconfig4,valueconfig1,valueconfig13,false(unreach-call),false(unreach-call),TIMEOUT,4.98,5.83,300.28,TIMEOUT,300.92,TIMEOUT,301.07,TIMEOUT,configselection-restart-bmc-fallbacks.properties,300.94,false(unreach-call),valueconfig4,4.98
newton_2_5_true-unreach-call_true-termination.c,valueconfig17,TIMEOUT,290.51,bmcconfig2,valueconfig29,valueconfig20,TIMEOUT,EXCEPTION,EXCEPTION,300.74,5.34,3.98,TIMEOUT,300.98,TIMEOUT,301.05,TIMEOUT,configselection-restart-bmc-fallbacks.properties,300.94,TIMEOUT,bmcconfig2,300.74
newton_2_8_false-unreach-call_true-termination.c,bmcconfig6,false(unreach-call),8.22,bmcconfig6,bmcconfig7,bmcconfig12,false(unreach-call),TIMEOUT,false(unreach-call),5.47,300.51,5.24,false(unreach-call),54,false(unreach-call),53.93,false(unreach-call),configselection-restart-bmc-fallbacks.properties,70.96,false(unreach-call),bmcconfig6,5.47
ofuf_2_true-unreach-call.c,predicateconfig8,unknown,12.57,predicateconfig7,predicateconfig13,predicateconfig10,TRUE,unknown,unknown,148.86,86.43,36.79,TRUE,29.45,TRUE,27.48,TIMEOUT,configselection-restart-valueAnalysis-fallbacks.properties,300.94,TRUE,predicateconfig7,148.86
overflow_false-unreach-call1.c,predicateconfig26,TIMEOUT,239.13,predicateconfig26,predicateconfig29,predicateconfig30,ERROR,ERROR,TIMEOUT,6.28,5.79,300.72,TIMEOUT,301.1,TIMEOUT,301.21,TIMEOUT,configselection-svcomp18.properties,301.31,ERROR,predicateconfig26,6.28
pals_floodmax.3_false-unreach-call.2.ufo.BOUNDED-6.pals_true-termination.c,valueconfig6,TIMEOUT,300.57,predicateconfig16,predicateconfig12,predicateconfig31,false(unreach-call),TIMEOUT,EXCEPTION,23.84,300.4,8.97,false(unreach-call),53.09,false(unreach-call),44.72,false(unreach-call),configselection-svcomp18.properties,46.24,false(unreach-call),predicateconfig16,23.84
pals_floodmax.3_false-unreach-call.3.ufo.UNBOUNDED.pals.c,predicateconfig19,TIMEOUT,224.28,predicateconfig26,predicateconfig20,valueconfig16,EXCEPTION,false(unreach-call),TIMEOUT,6.33,21.12,300.64,false(unreach-call),108.3,false(unreach-call),63.35,false(unreach-call),configselection-svcomp18.properties,64.45,EXCEPTION,predicateconfig26,6.33
pals_floodmax.3_true-unreach-call.ufo.BOUNDED-6.pals_true-termination.c,predicateconfig27,EXCEPTION,18.44,valueconfig24,predicateconfig4,predicateconfig34,EXCEPTION,false(unreach-call),TIMEOUT,5.64,18.46,280.08,TIMEOUT,301.37,TIMEOUT,301.41,TIMEOUT,configselection-svcomp18.properties,301.44,EXCEPTION,valueconfig24,5.64
pals_floodmax.4_false-unreach-call.3.ufo.BOUNDED-8.pals_true-termination.c,valueconfig5,false(unreach-call),22.01,predicateconfig30,bmcconfig12,predicateconfig33,EXCEPTION,false(unreach-call),TIMEOUT,10.22,45.87,281.03,false(unreach-call),198.94,false(unreach-call),182.15,false(unreach-call),configselection-svcomp18.properties,202.4,EXCEPTION,predicateconfig30,10.22
pals_floodmax.5_false-unreach-call.2.ufo.BOUNDED-10.pals_true-termination.c,valueconfig27,TIMEOUT,300.8,bmcconfig3,bmcconfig12,predicateconfig23,EXCEPTION,false(unreach-call),TIMEOUT,9.13,70.68,301.5,false(unreach-call),292.96,false(unreach-call),192.12,false(unreach-call),configselection-svcomp18.properties,130.07,EXCEPTION,bmcconfig3,9.13
pals_lcr.3_false-unreach-call.1.ufo.UNBOUNDED.pals.c,predicateconfig5,EXCEPTION,8.94,predicateconfig19,predicateconfig28,predicateconfig14,false(unreach-call),ERROR,ERROR,10.62,7.77,5.95,false(unreach-call),24.99,false(unreach-call),26.97,false(unreach-call),configselection-svcomp18.properties,178.83,false(unreach-call),predicateconfig19,10.62
pals_lcr.5_false-unreach-call.1.ufo.BOUNDED-10.pals_true-termination.c,predicateconfig3,TIMEOUT,213.87,predicateconfig19,predicateconfig10,predicateconfig16,false(unreach-call),ERROR,TIMEOUT,16.66,3.86,300.83,false(unreach-call),133.77,false(unreach-call),136.77,false(unreach-call),configselection-svcomp18.properties,124.92,false(unreach-call),predicateconfig19,16.66
pals_lcr.6_false-unreach-call.1.ufo.UNBOUNDED.pals.c,bmcconfig10,false(unreach-call),74.31,bmcconfig8,bmcconfig4,bmcconfig5,false(unreach-call),TIMEOUT,false(unreach-call),34.28,300.66,10.85,TIMEOUT,300,false(unreach-call),292.76,false(unreach-call),configselection-svcomp18.properties,289.11,false(unreach-call),bmcconfig8,34.28
pals_lcr.7_overflow_false-unreach-call.ufo.UNBOUNDED.pals.c,predicateconfig8,unknown,12.91,predicateconfig16,predicateconfig5,predicateconfig13,TIMEOUT,false(unreach-call),ERROR,300.36,20.52,5.95,TIMEOUT,301.05,TIMEOUT,301.41,TIMEOUT,configselection-svcomp18.properties,301.32,TIMEOUT,predicateconfig16,300.36
pals_lcr.8_overflow_false-unreach-call.ufo.UNBOUNDED.pals.c,predicateconfig27,EXCEPTION,12.43,valueconfig24,predicateconfig4,predicateconfig34,EXCEPTION,false(unreach-call),TIMEOUT,7.1,24.96,300.46,TIMEOUT,300.96,TIMEOUT,301.46,TIMEOUT,configselection-svcomp18.properties,301.32,EXCEPTION,valueconfig24,7.1
pals_lcr-var-start-time.6_false-unreach-call.1.ufo.UNBOUNDED.pals.c,valueconfig29,EXCEPTION,7.77,bmcconfig2,bmcconfig5,bmcconfig11,TIMEOUT,false(unreach-call),TIMEOUT,300.14,12.97,300.23,TIMEOUT,301.39,TIMEOUT,301.38,TIMEOUT,configselection-svcomp18.properties,301.32,TIMEOUT,bmcconfig2,300.14
pals_STARTPALS_ActiveStandby_false-unreach-call.1.ufo.UNBOUNDED.pals.c,predicateconfig9,false(unreach-call),144.09,predicateconfig16,predicateconfig25,predicateconfig15,false(unreach-call),ERROR,false(unreach-call),24.12,7.03,13.21,false(unreach-call),34.2,false(unreach-call),17.89,false(unreach-call),configselection-svcomp18.properties,18.05,false(unreach-call),predicateconfig16,24.12
pals_STARTPALS_ActiveStandby_false-unreach-call.4_1.ufo.UNBOUNDED.pals.c,predicateconfig36,TIMEOUT,203.83,bmcconfig9,valueconfig24,valueconfig15,false(unreach-call),EXCEPTION,false(unreach-call),8.13,6.98,18.57,false(unreach-call),293.88,false(unreach-call),34.76,false(unreach-call),configselection-svcomp18.properties,35.07,false(unreach-call),bmcconfig9,8.13
pals_STARTPALS_ActiveStandby_true-unreach-call.ufo.BOUNDED-10.pals.c,predicateconfig25,EXCEPTION,11.52,valueconfig17,predicateconfig6,valueconfig26,TIMEOUT,TRUE,EXCEPTION,301.04,159.75,5.57,TIMEOUT,301.55,TIMEOUT,301.61,TIMEOUT,configselection-svcomp18.properties,301.32,TIMEOUT,valueconfig17,301.04
pc_sfifo_1_false-unreach-call_false-termination.cil.c,bmcconfig8,false(unreach-call),66.37,predicateconfig3,bmcconfig9,predicateconfig33,false(unreach-call),false(unreach-call),EXCEPTION,5.03,6.56,8.41,false(unreach-call),9.44,false(unreach-call),9.63,false(unreach-call),configselection-svcomp18.properties,9.31,false(unreach-call),predicateconfig3,5.03
phases_true-unreach-call1.c,valueconfig21,TIMEOUT,303.73,valueconfig28,valueconfig27,predicateconfig14,EXCEPTION,EXCEPTION,TIMEOUT,5.66,5.67,300.63,TIMEOUT,300.78,TIMEOUT,301.03,TIMEOUT,configselection-svcomp18.properties,301.32,EXCEPTION,valueconfig28,5.66
Problem08_label35_true-unreach-call.c,predicateconfig32,unknown,3.96,valueconfig3,predicateconfig3,valueconfig4,EXCEPTION,TIMEOUT,ERROR,9.13,300.84,5.95,TIMEOUT,301.46,TIMEOUT,301.44,TIMEOUT,configselection-svcomp18.properties,301.32,EXCEPTION,valueconfig3,9.13
psyco_abp_1_false-unreach-call_false-termination_true-no-overflow.c,bmcconfig12,TIMEOUT,301.13,valueconfig19,valueconfig28,valueconfig16,EXCEPTION,EXCEPTION,TIMEOUT,6.77,5.45,300.86,TIMEOUT,301.79,TIMEOUT,301.4,TIMEOUT,configselection-svcomp18.properties,301.32,EXCEPTION,valueconfig19,6.77
psyco_cev_2_false-unreach-call.c,bmcconfig4,unknown,3.96,bmcconfig4,bmcconfig8,bmcconfig7,EXCEPTION,ERROR,ERROR,9.13,3.86,5.95,TIMEOUT,301.85,TIMEOUT,301.94,TIMEOUT,configselection-svcomp18.properties,301.32,EXCEPTION,bmcconfig4,9.13
psyco_io_1_true-unreach-call_false-termination.c,bmcconfig11,TRUE,9.91,bmcconfig11,predicateconfig33,predicateconfig3,TRUE,EXCEPTION,TRUE,5.85,6.16,5.95,TRUE,9.94,TRUE,10.46,TRUE,configselection-svcomp18.properties,9.89,TRUE,bmcconfig11,5.85
psyco_math_1_true-unreach-call_false-termination.c,predicateconfig29,TRUE,8.49,valueconfig19,predicateconfig29,valueconfig22,EXCEPTION,TRUE,EXCEPTION,4.79,6.21,5.13,TRUE,32.56,TRUE,22.85,TRUE,configselection-svcomp18.properties,22.65,EXCEPTION,valueconfig19,4.79
rekcba_aso_false-unreach-call.3.M4.c,valueconfig15,ERROR,22.41,valueconfig30,valueconfig28,valueconfig27,EXCEPTION,EXCEPTION,EXCEPTION,21.99,15.64,22.45,TIMEOUT,301.11,TIMEOUT,301.09,TIMEOUT,configselection-restart-valueAnalysis-fallbacks.properties,300.94,EXCEPTION,valueconfig30,21.99
rekcba_ctm_true-unreach-call.1_true-termination.c,predicateconfig23,unknown,3.96,valueconfig20,valueconfig13,valueconfig19,EXCEPTION,TIMEOUT,EXCEPTION,15.31,300.83,15.17,TIMEOUT,301.07,TIMEOUT,301.58,TIMEOUT,configselection-restart-bmc-fallbacks.properties,300.94,EXCEPTION,valueconfig20,15.31
rekcba_nxt_true-unreach-call.1.M1.c,predicateconfig10,TIMEOUT,212.59,predicateconfig10,predicateconfig9,predicateconfig11,false(unreach-call),ERROR,ERROR,236.29,12.04,11.12,TIMEOUT,301.46,TIMEOUT,301.43,TIMEOUT,configselection-restart-valueAnalysis-fallbacks.properties,300.94,false(unreach-call),predicateconfig10,236.29
rekh_aso_false-unreach-call.1.M4.c,bmcconfig3,unknown,3.96,predicateconfig2,valueconfig22,predicateconfig32,ERROR,EXCEPTION,ERROR,10.19,11.47,16.56,TIMEOUT,301.22,TIMEOUT,301.2,TIMEOUT,configselection-restart-valueAnalysis-fallbacks.properties,300.94,ERROR,predicateconfig2,10.19
rekh_nxt_false-unreach-call.2.M1.c,predicateconfig3,ERROR,37.99,predicateconfig3,predicateconfig4,predicateconfig5,ERROR,false(unreach-call),ERROR,10.18,14.94,11.79,TIMEOUT,301.47,TIMEOUT,301.37,TIMEOUT,configselection-restart-valueAnalysis-fallbacks.properties,300.94,ERROR,predicateconfig3,10.18
rekh_nxt_true-unreach-call.2.M1.c,valueconfig19,false(unreach-call),13.31,valueconfig26,bmcconfig5,valueconfig24,EXCEPTION,false(unreach-call),EXCEPTION,11.19,13.6,10.96,TIMEOUT,301.43,TIMEOUT,301.34,TIMEOUT,configselection-restart-valueAnalysis-fallbacks.properties,300.94,EXCEPTION,valueconfig26,11.19
remainder_true-unreach-call.c,valueconfig21,false(unreach-call),8.21,valueconfig15,predicateconfig10,predicateconfig25,unknown,TRUE,ERROR,11.88,7.79,7.53,TRUE,7.61,TRUE,7.96,TRUE,configselection-restart-bmc-fallbacks.properties,9.21,unknown,valueconfig15,11.88
round_nondet_true-unreach-call.c,predicateconfig18,ERROR,8.02,valueconfig20,bmcconfig11,valueconfig11,EXCEPTION,false(unreach-call),unknown,6.36,8.33,13.51,unknown,15.87,unknown,16.18,ERROR,configselection-restart-bmc-fallbacks.properties,9.24,EXCEPTION,valueconfig20,6.36
sendmail-close-angle_true-unreach-call_true-termination.c,valueconfig16,TRUE,7.09,valueconfig28,predicateconfig38,valueconfig19,EXCEPTION,TRUE,EXCEPTION,4.45,4.84,5.84,TRUE,157.35,TRUE,96.6,TRUE,configselection-svcomp18.properties,98.33,EXCEPTION,valueconfig28,4.45
simple_array_index_value_false-unreach-call1_false-termination.c,predicateconfig18,false(unreach-call),7.8,predicateconfig32,predicateconfig23,predicateconfig2,false(unreach-call),unknown,false(unreach-call),9.29,10.45,7.14,false(unreach-call),8.19,false(unreach-call),7.99,false(unreach-call),configselection-restart-valueAnalysis-fallbacks.properties,9.17,false(unreach-call),predicateconfig32,9.29
simple_array_index_value_true-unreach-call2_true-termination.c,valueconfig18,ERROR,220.28,predicateconfig40,valueconfig6,predicateconfig39,TIMEOUT,TIMEOUT,EXCEPTION,301,300.9,8.21,TIMEOUT,301.48,TIMEOUT,301.27,TIMEOUT,configselection-restart-valueAnalysis-fallbacks.properties,300.94,TIMEOUT,predicateconfig40,301
simple_false-unreach-call3_true-termination.c,predicateconfig4,false(unreach-call),6.64,predicateconfig2,predicateconfig4,predicateconfig3,false(unreach-call),false(unreach-call),false(unreach-call),4.81,6.7,7.01,false(unreach-call),7.99,false(unreach-call),7.99,false(unreach-call),configselection-svcomp18.properties,7.38,false(unreach-call),predicateconfig2,4.81
simple_search_value_false-unreach-call.c,predicateconfig12,EXCEPTION,8.35,predicateconfig32,valueconfig1,predicateconfig38,ERROR,false(unreach-call),ERROR,12.03,8.41,17.46,TIMEOUT,300,false(unreach-call),86.26,false(unreach-call),configselection-restart-valueAnalysis-fallbacks.properties,100.2,ERROR,predicateconfig32,12.03
simple_search_value_true-unreach-call.c,predicateconfig29,EXCEPTION,8.18,valueconfig11,bmcconfig11,predicateconfig29,TIMEOUT,false(unreach-call),TRUE,300.94,9.49,7.85,TIMEOUT,301.63,TIMEOUT,301.14,TIMEOUT,configselection-restart-valueAnalysis-fallbacks.properties,300.75,TIMEOUT,valueconfig11,300.94
simple_true-unreach-call3_true-termination.c,predicateconfig29,EXCEPTION,7.17,no,no,no,unknown,unknown,unknown,12,12,12,TIMEOUT,300.98,TIMEOUT,301.2,TIMEOUT,configselection-svcomp18.properties,300.75,unknown,no,12
simple-ext_false-unreach-call_false-valid-memcleanup_true-termination.c,predicateconfig34,false(unreach-call),8.63,predicateconfig4,predicateconfig34,predicateconfig16,false(unreach-call),false(unreach-call),false(unreach-call),6.47,5.59,11.64,false(unreach-call),10.17,false(unreach-call),9,false(unreach-call),configselection-restart-valueAnalysis-fallbacks.properties,9.78,false(unreach-call),predicateconfig4,6.47
sine_2_false-unreach-call_true-termination.c,valueconfig14,false(unreach-call),63.64,bmcconfig5,predicateconfig31,predicateconfig1,false(unreach-call),false(unreach-call),false(unreach-call),5.72,111.51,5.85,false(unreach-call),15.61,false(unreach-call),17.74,false(unreach-call),configselection-restart-bmc-fallbacks.properties,43.55,false(unreach-call),bmcconfig5,5.72
sine_4_true-unreach-call_true-termination.c,predicateconfig26,ERROR,7.18,predicateconfig36,predicateconfig26,predicateconfig29,ERROR,TRUE,TRUE,6,5.89,6.86,TIMEOUT,300.83,TIMEOUT,300.93,TIMEOUT,configselection-restart-bmc-fallbacks.properties,300.75,ERROR,predicateconfig36,6
sll-circular_false-unreach-call_false-valid-memcleanup.c,predicateconfig39,EXCEPTION,9.64,valueconfig6,bmcconfig6,valueconfig5,TIMEOUT,false(unreach-call),TIMEOUT,300.67,6.92,312.32,false(unreach-call),12.75,false(unreach-call),12.01,false(unreach-call),configselection-restart-valueAnalysis-fallbacks.properties,17.29,TIMEOUT,valueconfig6,300.67
sll-sorted_false-unreach-call_false-valid-memcleanup.c,valueconfig19,false(unreach-call),7.73,bmcconfig4,bmcconfig5,bmcconfig7,TIMEOUT,false(unreach-call),false(unreach-call),304.01,7.94,8.75,TIMEOUT,301.41,false(unreach-call),69.32,false(unreach-call),configselection-restart-valueAnalysis-fallbacks.properties,69.62,TIMEOUT,bmcconfig4,304.01
sqrt_biNewton_pseudoconstant_true-unreach-call.c,predicateconfig38,EXCEPTION,7.81,bmcconfig2,bmcconfig1,bmcconfig11,TIMEOUT,unknown,TIMEOUT,300.74,20.3,301.04,TIMEOUT,301.27,TIMEOUT,301.2,TIMEOUT,configselection-restart-valueAnalysis-fallbacks.properties,300.94,TIMEOUT,bmcconfig2,300.74
square_1_false-unreach-call_true-termination.c,predicateconfig40,false(unreach-call),74.41,predicateconfig20,valueconfig10,bmcconfig10,false(unreach-call),false(unreach-call),false(unreach-call),7.04,9.62,7.5,false(unreach-call),38.85,false(unreach-call),29.01,false(unreach-call),configselection-restart-bmc-fallbacks.properties,21.04,false(unreach-call),predicateconfig20,7.04
square_4_true-unreach-call_true-termination.c,predicateconfig18,TIMEOUT,281.94,valueconfig18,valueconfig17,predicateconfig28,TIMEOUT,TIMEOUT,TRUE,293.55,300.95,7.17,TIMEOUT,300.91,TIMEOUT,300.99,TIMEOUT,configselection-restart-bmc-fallbacks.properties,300.75,TIMEOUT,valueconfig18,293.55
square_7_true-unreach-call_true-termination.c,predicateconfig26,ERROR,7.17,predicateconfig6,predicateconfig5,predicateconfig36,false(unreach-call),false(unreach-call),ERROR,6.74,4.76,7.39,TIMEOUT,300.98,TIMEOUT,300.87,TIMEOUT,configselection-restart-bmc-fallbacks.properties,300.75,false(unreach-call),predicateconfig6,6.74
sum_15x0_false-unreach-call_true-termination.c,valueconfig17,false(unreach-call),9.62,valueconfig23,valueconfig24,valueconfig17,EXCEPTION,EXCEPTION,false(unreach-call),5.3,6.65,9.35,false(unreach-call),10.27,false(unreach-call),8.75,false(unreach-call),configselection-restart-bmc-fallbacks.properties,6.79,EXCEPTION,valueconfig23,5.3
sum_25x0_false-unreach-call_true-termination.c,valueconfig3,false(unreach-call),6.5,valueconfig5,valueconfig3,valueconfig6,false(unreach-call),false(unreach-call),false(unreach-call),5.41,7.64,7.34,false(unreach-call),9.84,false(unreach-call),8.52,false(unreach-call),configselection-restart-bmc-fallbacks.properties,7.01,false(unreach-call),valueconfig5,5.41
sum_2x3_true-unreach-call_true-termination.c,predicateconfig33,TRUE,11.77,predicateconfig36,predicateconfig38,predicateconfig40,TRUE,EXCEPTION,EXCEPTION,8.5,7.06,7.21,false(unreach-call),9.83,false(unreach-call),8.93,false(unreach-call),configselection-restart-bmc-fallbacks.properties,7.73,TRUE,predicateconfig36,8.5
sum_array_true-unreach-call.c,bmcconfig3,TIMEOUT,240.8,bmcconfig10,bmcconfig6,bmcconfig11,TIMEOUT,TIMEOUT,TIMEOUT,300.18,300.34,300.21,TIMEOUT,301.43,TIMEOUT,301.35,TIMEOUT,configselection-restart-valueAnalysis-fallbacks.properties,300.94,TIMEOUT,bmcconfig10,300.18
sum01_bug02_sum01_bug02_base.case_false-unreach-call_true-termination.c,predicateconfig12,EXCEPTION,7.4,predicateconfig9,predicateconfig6,predicateconfig8,false(unreach-call),false(unreach-call),false(unreach-call),7.56,8.18,9.25,false(unreach-call),12.85,false(unreach-call),10.93,false(unreach-call),configselection-svcomp18.properties,12.98,false(unreach-call),predicateconfig9,7.56
sum04_true-unreach-call_true-termination.c,valueconfig19,TRUE,6.55,valueconfig22,valueconfig21,valueconfig9,EXCEPTION,EXCEPTION,TRUE,4.38,6.66,8.28,TRUE,8.12,TRUE,6.73,TRUE,configselection-svcomp18.properties,8.39,EXCEPTION,valueconfig22,4.38
sum60_true-unreach-call.c,predicateconfig16,TIMEOUT,229.44,predicateconfig1,predicateconfig25,bmcconfig3,false(unreach-call),TRUE,unknown,7.85,7.4,7.76,TIMEOUT,301.33,TIMEOUT,301.16,TIMEOUT,configselection-restart-valueAnalysis-fallbacks.properties,300.94,false(unreach-call),predicateconfig1,7.85
terminator_01_false-unreach-call_true-termination.c,predicateconfig29,false(unreach-call),6.97,valueconfig18,valueconfig17,valueconfig22,false(unreach-call),false(unreach-call),EXCEPTION,8.65,8.93,5.59,false(unreach-call),9.62,false(unreach-call),8.68,false(unreach-call),configselection-svcomp18.properties,10.22,false(unreach-call),valueconfig18,8.65
terminator_02_true-unreach-call_true-termination.c,predicateconfig6,EXCEPTION,6.9,predicateconfig12,predicateconfig15,valueconfig7,TRUE,TRUE,TIMEOUT,17.53,15.99,306.93,TRUE,11.29,TRUE,10.25,TRUE,configselection-svcomp18.properties,12.06,TRUE,predicateconfig12,17.53
test_mutex_double_unlock_false-unreach-call.c,predicateconfig39,ERROR,3.41,bmcconfig6,predicateconfig21,bmcconfig7,ERROR,ERROR,ERROR,3.02,3.75,3.73,ERROR,12,ERROR,12,ERROR,configselection-restart-valueAnalysis-fallbacks.properties,4.2,ERROR,bmcconfig6,3.02
test25_false-unreach-call_true-termination.c,valueconfig27,EXCEPTION,6.17,bmcconfig6,bmcconfig7,bmcconfig8,false(unreach-call),ERROR,false(unreach-call),6.18,7.59,7.76,false(unreach-call),24.79,false(unreach-call),14.3,false(unreach-call),configselection-restart-valueAnalysis-fallbacks.properties,27.43,false(unreach-call),bmcconfig6,6.18
token_ring.01_true-unreach-call_false-termination.cil.c,predicateconfig24,EXCEPTION,9.68,no,no,no,unknown,unknown,unknown,12,12,12,TIMEOUT,301.53,TIMEOUT,301.81,TIMEOUT,configselection-svcomp18.properties,300.94,unknown,no,12
token_ring.11_true-unreach-call_false-termination.cil.c,valueconfig12,TIMEOUT,301.12,bmcconfig2,bmcconfig4,bmcconfig9,TIMEOUT,TIMEOUT,TIMEOUT,300.15,300.32,300.09,TIMEOUT,301.1,TIMEOUT,301.09,TIMEOUT,configselection-svcomp18.properties,300.94,TIMEOUT,bmcconfig2,300.15
transmitter.04_false-unreach-call_false-termination.cil.c,bmcconfig1,unknown,10.29,bmcconfig6,valueconfig24,valueconfig20,false(unreach-call),EXCEPTION,EXCEPTION,9.41,7.6,7.33,false(unreach-call),24.25,false(unreach-call),20.49,false(unreach-call),configselection-svcomp18.properties,23.78,false(unreach-call),bmcconfig6,9.41
trex01_true-unreach-call_true-termination.c,bmcconfig4,unknown,29.1,bmcconfig6,bmcconfig5,bmcconfig11,TRUE,TRUE,TRUE,9.18,10.26,11.58,TRUE,39.54,TRUE,32.95,TRUE,configselection-svcomp18.properties,38.06,TRUE,bmcconfig6,9.18
trex03_false-unreach-call_true-termination.c,bmcconfig11,false(unreach-call),8.82,predicateconfig1,predicateconfig2,bmcconfig11,false(unreach-call),false(unreach-call),false(unreach-call),4.38,7.2,7.39,false(unreach-call),12.06,false(unreach-call),9.88,false(unreach-call),configselection-svcomp18.properties,12.2,false(unreach-call),predicateconfig1,4.38
underapprox_false-unreach-call2_true-termination.c,predicateconfig33,EXCEPTION,6.33,valueconfig6,valueconfig30,valueconfig18,false(unreach-call),EXCEPTION,false(unreach-call),7.66,6.35,11.98,false(unreach-call),10.93,false(unreach-call),8.16,false(unreach-call),configselection-svcomp18.properties,10.98,false(unreach-call),valueconfig6,7.66
up_true-unreach-call_true-termination.c,predicateconfig13,TRUE,5.4,bmcconfig9,bmcconfig8,bmcconfig10,TIMEOUT,TRUE,TRUE,300.46,7.2,7.58,TRUE,159.04,TRUE,96.26,TRUE,configselection-svcomp18.properties,97.42,TIMEOUT,bmcconfig9,300.46
veris.c_NetBSD-libc__loop_true-unreach-call_true-termination.c,bmcconfig8,TRUE,22.75,predicateconfig21,predicateconfig24,predicateconfig25,false(unreach-call),unknown,false(unreach-call),6.31,9.18,7.26,TRUE,12.54,TRUE,10.37,TIMEOUT,configselection-restart-valueAnalysis-fallbacks.properties,300.94,false(unreach-call),predicateconfig21,6.31
verisec_NetBSD-libc__loop_false-unreach-call_true-termination.c,predicateconfig36,false(unreach-call),9.02,predicateconfig35,predicateconfig34,predicateconfig39,false(unreach-call),false(unreach-call),false(unreach-call),7.84,7.56,10.19,false(unreach-call),10.31,false(unreach-call),8.09,false(unreach-call),configselection-restart-valueAnalysis-fallbacks.properties,10.57,false(unreach-call),predicateconfig35,7.84
while_infinite_loop_2_true-unreach-call_false-termination.c,predicateconfig25,EXCEPTION,6.29,predicateconfig3,predicateconfig7,predicateconfig1,TRUE,TRUE,TRUE,6.34,7.18,6.72,TRUE,8.05,TRUE,6.72,TRUE,configselection-svcomp18.properties,8.37,TRUE,predicateconfig3,6.34
